Date,Workout Name,Duration,Exercise Name,Set Order,Weight,Reps,Distance,Seconds,RPE
2023-12-28 11:41:25,"Morning Workout",21m,"Bench Press (Barbell)",1,75.0,10.0,0,0.0,
2023-12-28 11:41:25,"Morning Workout",21m,"Bench Press (Barbell)",2,75.0,10.0,0,0.0,
2023-12-28 11:41:25,"Morning Workout",21m,"Bench Press (Barbell)",3,75.0,10.0,0,0.0,
2023-12-28 11:41:25,"Morning Workout",21m,"Bicep Curl (Barbell)",1,30.0,10.0,0,0.0,
2023-12-28 11:41:25,"Morning Workout",21m,"Bicep Curl (Barbell)",2,40.0,10.0,0,0.0,
2023-12-28 11:41:25,"Morning Workout",21m,"Bicep Curl (Barbell)",3,40.0,10.0,0,0.0,
2023-12-28 11:41:25,"Morning Workout",21m,"Lat Pulldown (Cable)",1,50.0,10.0,0,0.0,
2023-12-28 11:41:25,"Morning Workout",21m,"Lat Pulldown (Cable)",2,50.0,10.0,0,0.0,
2023-12-28 11:41:25,"Morning Workout",21m,"Lat Pulldown (Cable)",3,50.0,10.0,0,0.0,
2023-12-28 12:25:21,"Midday Workout",34s,"Running",1,0,0.0,0.5,360.0,
2024-01-06 14:17:05,"Afternoon Workout",10m,"Bicep Curl (Barbell)",1,40.0,10.0,0,0.0,
2024-01-06 14:17:05,"Afternoon Workout",10m,"Bicep Curl (Barbell)",2,40.0,10.0,0,0.0,
2024-01-06 14:17:05,"Afternoon Workout",10m,"Bicep Curl (Barbell)",3,40.0,10.0,0,0.0,
2024-01-06 14:17:05,"Afternoon Workout",10m,"Squat (Barbell)",1,45.0,10.0,0,0.0,
2024-01-06 14:17:05,"Afternoon Workout",10m,"Squat (Barbell)",2,45.0,10.0,0,0.0,
2024-01-06 14:17:05,"Afternoon Workout",10m,"Squat (Barbell)",3,45.0,10.0,0,0.0,
2024-01-06 14:17:05,"Afternoon Workout",10m,"Seated Row (Cable)",1,55.0,10.0,0,0.0,
2024-01-06 14:17:05,"Afternoon Workout",10m,"Seated Row (Cable)",2,70.0,10.0,0,0.0,
2024-01-06 14:17:05,"Afternoon Workout",10m,"Seated Row (Cable)",3,70.0,10.0,0,0.0,
2024-01-06 14:17:05,"Afternoon Workout",10m,"Running",1,0,0.0,0.7,420.0,
2024-01-06 14:17:05,"Afternoon Workout",10m,"Bench Press (Barbell)",1,75.0,8.0,0,0.0,
2024-01-06 14:17:05,"Afternoon Workout",10m,"Bench Press (Barbell)",2,80.0,8.0,0,0.0,
2024-01-06 14:17:05,"Afternoon Workout",10m,"Bench Press (Barbell)",3,80.0,8.0,0,0.0,
2024-01-12 11:17:59,"Morning Workout",44m,"Bench Press (Barbell)",1,75.0,8.0,0,0.0,
2024-01-12 11:17:59,"Morning Workout",44m,"Bench Press (Barbell)",2,85.0,8.0,0,0.0,
2024-01-12 11:17:59,"Morning Workout",44m,"Bench Press (Barbell)",3,80.0,8.0,0,0.0,
2024-01-12 11:17:59,"Morning Workout",44m,"Bench Press (Barbell)",4,75.0,8.0,0,0.0,
2024-01-12 11:17:59,"Morning Workout",44m,"Bicep Curl (Barbell)",1,40.0,10.0,0,0.0,
2024-01-12 11:17:59,"Morning Workout",44m,"Bicep Curl (Barbell)",2,40.0,10.0,0,0.0,
2024-01-12 11:17:59,"Morning Workout",44m,"Bicep Curl (Barbell)",3,40.0,10.0,0,0.0,
2024-01-12 11:17:59,"Morning Workout",44m,"Seated Overhead Press (Dumbbell)",1,20.0,10.0,0,0.0,
2024-01-12 11:17:59,"Morning Workout",44m,"Seated Overhead Press (Dumbbell)",2,22.5,10.0,0,0.0,
2024-01-12 11:17:59,"Morning Workout",44m,"Seated Overhead Press (Dumbbell)",3,22.5,10.0,0,0.0,
2024-01-12 11:17:59,"Morning Workout",44m,"Squat (Barbell)",1,45.0,10.0,0,0.0,
2024-01-12 11:17:59,"Morning Workout",44m,"Squat (Barbell)",2,65.0,10.0,0,0.0,
2024-01-12 11:17:59,"Morning Workout",44m,"Squat (Barbell)",3,75.0,10.0,0,0.0,
2024-01-12 11:17:59,"Morning Workout",44m,"Running",1,0,0.0,1.1,660.0,
2024-01-15 11:02:26,"Ymca Bench Curl Shoulder Squat Run",44m,"Bench Press (Barbell)",1,75.0,8.0,0,0.0,
2024-01-15 11:02:26,"Ymca Bench Curl Shoulder Squat Run",44m,"Bench Press (Barbell)",2,80.0,8.0,0,0.0,
2024-01-15 11:02:26,"Ymca Bench Curl Shoulder Squat Run",44m,"Bench Press (Barbell)",3,80.0,8.0,0,0.0,
2024-01-15 11:02:26,"Ymca Bench Curl Shoulder Squat Run",44m,"Bench Press (Barbell)",4,80.0,8.0,0,0.0,
2024-01-15 11:02:26,"Ymca Bench Curl Shoulder Squat Run",44m,"Seated Overhead Press (Dumbbell)",1,20.0,10.0,0,0.0,
2024-01-15 11:02:26,"Ymca Bench Curl Shoulder Squat Run",44m,"Seated Overhead Press (Dumbbell)",2,20.0,10.0,0,0.0,
2024-01-15 11:02:26,"Ymca Bench Curl Shoulder Squat Run",44m,"Seated Overhead Press (Dumbbell)",3,20.0,10.0,0,0.0,
2024-01-15 11:02:26,"Ymca Bench Curl Shoulder Squat Run",44m,"Running",1,0,0.0,1.6,960.0,
2024-01-15 11:02:26,"Ymca Bench Curl Shoulder Squat Run",44m,"Deadlift (Barbell)",1,70.0,10.0,0,0.0,
2024-01-15 11:02:26,"Ymca Bench Curl Shoulder Squat Run",44m,"Deadlift (Barbell)",2,70.0,10.0,0,0.0,
2024-01-15 11:02:26,"Ymca Bench Curl Shoulder Squat Run",44m,"Deadlift (Barbell)",3,70.0,10.0,0,0.0,
2024-01-17 11:38:24,"Morning Workout",20s,"Running",1,0,0.0,1.7,1020.0,
2024-01-20 13:31:24,"Midday Workout",42m,"Bicep Curl (Barbell)",1,40.0,10.0,0,0.0,
2024-01-20 13:31:24,"Midday Workout",42m,"Bicep Curl (Barbell)",2,40.0,10.0,0,0.0,
2024-01-20 13:31:24,"Midday Workout",42m,"Bench Press (Barbell)",1,80.0,8.0,0,0.0,
2024-01-20 13:31:24,"Midday Workout",42m,"Bench Press (Barbell)",2,85.0,8.0,0,0.0,
2024-01-20 13:31:24,"Midday Workout",42m,"Bench Press (Barbell)",3,80.0,8.0,0,0.0,
2024-01-20 13:31:24,"Midday Workout",42m,"Bench Press (Barbell)",4,80.0,8.0,0,0.0,
2024-01-20 13:31:24,"Midday Workout",42m,"Lat Pulldown (Cable)",1,60.0,10.0,0,0.0,
2024-01-20 13:31:24,"Midday Workout",42m,"Lat Pulldown (Cable)",2,60.0,10.0,0,0.0,
2024-01-20 13:31:24,"Midday Workout",42m,"Lat Pulldown (Cable)",3,60.0,10.0,0,0.0,
2024-01-20 13:31:24,"Midday Workout",42m,"Running",1,0,0.0,1.2,720.0,
2024-01-24 11:28:41,"Morning Workout",10s,"Running",1,0,0.0,2.0,1200.0,
2024-01-27 14:11:46,"Midday Workout",24m,"Bicep Curl (Barbell)",1,40.0,10.0,0,0.0,
2024-01-27 14:11:46,"Midday Workout",24m,"Bicep Curl (Barbell)",2,40.0,10.0,0,0.0,
2024-01-27 14:11:46,"Midday Workout",24m,"Bicep Curl (Barbell)",3,50.0,8.0,0,0.0,
2024-01-27 14:11:46,"Midday Workout",24m,"Bench Press (Barbell)",1,80.0,8.0,0,0.0,
2024-01-27 14:11:46,"Midday Workout",24m,"Bench Press (Barbell)",2,85.0,8.0,0,0.0,
2024-01-27 14:11:46,"Midday Workout",24m,"Bench Press (Barbell)",3,85.0,8.0,0,0.0,
2024-01-27 14:11:46,"Midday Workout",24m,"Bench Press (Barbell)",4,85.0,8.0,0,0.0,
2024-01-27 14:11:46,"Midday Workout",24m,"Running",1,0,0.0,1.2,720.0,
2024-01-27 14:11:46,"Midday Workout",24m,"Squat (Smith Machine)",1,65.0,10.0,0,0.0,
2024-01-27 14:11:46,"Midday Workout",24m,"Squat (Smith Machine)",2,85.0,10.0,0,0.0,
2024-01-27 14:11:46,"Midday Workout",24m,"Squat (Smith Machine)",3,85.0,10.0,0,0.0,
2024-01-27 14:11:46,"Midday Workout",24m,"Seated Row (Cable)",1,70.0,10.0,0,0.0,
2024-01-27 14:11:46,"Midday Workout",24m,"Seated Row (Cable)",2,70.0,10.0,0,0.0,
2024-01-27 14:11:46,"Midday Workout",24m,"Seated Row (Cable)",3,85.0,10.0,0,0.0,
2024-01-30 16:57:31,"Afternoon Workout",35m,"Seated Leg Press (Machine)",1,160.0,10.0,0,0.0,
2024-01-30 16:57:31,"Afternoon Workout",35m,"Seated Leg Press (Machine)",2,180.0,10.0,0,0.0,
2024-01-30 16:57:31,"Afternoon Workout",35m,"Seated Leg Press (Machine)",3,195.0,10.0,0,0.0,
2024-01-30 16:57:31,"Afternoon Workout",35m,"Seated Leg Curl (Machine)",1,40.0,10.0,0,0.0,
2024-01-30 16:57:31,"Afternoon Workout",35m,"Seated Leg Curl (Machine)",2,60.0,10.0,0,0.0,
2024-01-30 16:57:31,"Afternoon Workout",35m,"Seated Leg Curl (Machine)",3,80.0,10.0,0,0.0,
2024-01-30 16:57:31,"Afternoon Workout",35m,"Seated Row (Cable)",1,85.0,10.0,0,0.0,
2024-01-30 16:57:31,"Afternoon Workout",35m,"Seated Row (Cable)",2,85.0,10.0,0,0.0,
2024-01-30 16:57:31,"Afternoon Workout",35m,"Seated Row (Cable)",3,85.0,10.0,0,0.0,
2024-01-30 16:57:31,"Afternoon Workout",35m,"Running",1,0,0.0,1.0,600.0,
2024-02-11 14:05:49,"Just Run",17m,"Running",1,0,0.0,0.3,180.0,
2024-02-11 14:05:49,"Just Run",17m,"Running",2,0,0.0,0.3,180.0,
2024-02-11 14:05:49,"Just Run",17m,"Running",3,0,0.0,0.4,240.0,
2024-02-11 14:05:49,"Just Run",17m,"Running",4,0,0.0,0.4,240.0,
2024-02-11 14:05:49,"Just Run",17m,"Running",5,0,0.0,0.3,180.0,
2024-02-13 15:31:11,"Afternoon Workout",4m,"Running",1,0,0.0,1.5,900.0,
2024-02-13 15:31:11,"Afternoon Workout",4m,"Running",2,0,0.0,0.2,120.0,
2024-02-17 13:13:37,"Midday Workout",21m,"Running",1,0,0.0,1.1,660.0,
2024-02-17 13:13:37,"Midday Workout",21m,"Running",2,0,0.0,0.9,540.0,
2024-02-17 13:13:37,"Midday Workout",21m,"Seated Leg Press (Machine)",1,170.0,10.0,0,0.0,
2024-02-17 13:13:37,"Midday Workout",21m,"Seated Leg Press (Machine)",2,180.0,10.0,0,0.0,
2024-02-17 13:13:37,"Midday Workout",21m,"Seated Leg Press (Machine)",3,210.0,10.0,0,0.0,
2024-02-20 12:49:38,"Just Run",120h 54m,"Running",1,0,0.0,1.7,1020.0,
2024-02-25 13:44:47,"Just Run",5m,"Running",1,0,0.0,1.5,900.0,
2024-02-25 13:44:47,"Just Run",5m,"Running",2,0,0.0,0.2,120.0,
2024-02-25 13:44:47,"Just Run",5m,"Running",3,0,0.0,0.2,120.0,
2024-03-02 14:58:13,"Afternoon Workout",18s,"Running",1,0,0.0,2.0,1200.0,
2024-03-05 11:22:38,"Morning Workout",37m,"Bench Press (Barbell)",1,75.0,10.0,0,0.0,
2024-03-05 11:22:38,"Morning Workout",37m,"Bench Press (Barbell)",2,80.0,10.0,0,0.0,
2024-03-05 11:22:38,"Morning Workout",37m,"Bench Press (Barbell)",3,85.0,10.0,0,0.0,
2024-03-05 11:22:38,"Morning Workout",37m,"Bench Press (Barbell)",4,90.0,6.0,0,0.0,
2024-03-05 11:22:38,"Morning Workout",37m,"Running",1,0,0.0,0.3,180.0,
2024-03-05 11:22:38,"Morning Workout",37m,"Running",2,0,0.0,2.0,1200.0,
2024-03-09 13:45:59,"Bench And Run",45m,"Bench Press (Barbell)",1,85.0,10.0,0,0.0,
2024-03-09 13:45:59,"Bench And Run",45m,"Bench Press (Barbell)",2,90.0,10.0,0,0.0,
2024-03-09 13:45:59,"Bench And Run",45m,"Bench Press (Barbell)",3,90.0,8.0,0,0.0,
2024-03-09 13:45:59,"Bench And Run",45m,"Bench Press (Barbell)",4,95.0,5.0,0,0.0,
2024-03-09 13:45:59,"Bench And Run",45m,"Running",1,0,0.0,1.3,780.0,
2024-03-09 13:45:59,"Bench And Run",45m,"Seated Row (Cable)",1,85.0,10.0,0,0.0,
2024-03-09 13:45:59,"Bench And Run",45m,"Seated Row (Cable)",2,85.0,10.0,0,0.0,
2024-03-09 13:45:59,"Bench And Run",45m,"Seated Row (Cable)",3,85.0,10.0,0,0.0,
2024-03-26 15:35:31,"Afternoon Workout",49s,"Running",1,0,0.0,1.2,720.0,
2024-03-27 13:43:35,"Midday Workout",15s,"Running",1,0,0.0,1.3,780.0,
2024-03-29 13:53:19,"Midday Workout",8s,"Running",1,0,0.0,2.0,1200.0,
2024-04-04 08:12:24,"Just Run",4s,"Running",1,0,0.0,2.0,1200.0,
2024-04-05 16:39:26,"Afternoon Workout",9s,"Running",1,0,0.0,2.0,1200.0,
2024-04-11 12:41:13,"Midday Workout",9s,"Running",1,0,0.0,2.0,1200.0,
2024-04-13 11:49:39,"Morning Workout",12s,"Running",1,0,0.0,2.2,1320.0,
2024-04-17 07:45:33,"Early Morning Workout",6m,"Bench Press (Barbell)",1,85.0,10.0,0,0.0,
2024-04-17 07:45:33,"Early Morning Workout",6m,"Bench Press (Barbell)",2,85.0,10.0,0,0.0,
2024-04-17 07:45:33,"Early Morning Workout",6m,"Bench Press (Barbell)",3,95.0,5.0,0,0.0,
2024-04-26 08:30:28,"Bench And Run",47m,"Bench Press (Barbell)",1,85.0,8.0,0,0.0,
2024-04-26 08:30:28,"Bench And Run",47m,"Bench Press (Barbell)",2,85.0,8.0,0,0.0,
2024-04-26 08:30:28,"Bench And Run",47m,"Bench Press (Barbell)",3,85.0,8.0,0,0.0,
2024-04-26 08:30:28,"Bench And Run",47m,"Bench Press (Barbell)",4,85.0,8.0,0,0.0,
2024-04-26 08:30:28,"Bench And Run",47m,"Running",1,0,0.0,2.3,1380.0,
2024-04-26 08:30:28,"Bench And Run",47m,"Running",2,0,0.0,0.1,60.0,
2024-04-26 08:30:28,"Bench And Run",47m,"Iso-Lateral Row (Machine)",1,10.0,50.0,0,0.0,
2024-04-26 08:30:28,"Bench And Run",47m,"Iso-Lateral Row (Machine)",2,10.0,70.0,0,0.0,
2024-04-26 08:30:28,"Bench And Run",47m,"Iso-Lateral Row (Machine)",3,10.0,90.0,0,0.0,
2024-04-26 08:30:28,"Bench And Run",47m,"Iso-Lateral Row (Machine)",4,10.0,90.0,0,0.0,
2024-06-06 10:29:53,"Morning Workout",29m,"Bench Press (Barbell)",1,85.0,8.0,0,0.0,
2024-06-06 10:29:53,"Morning Workout",29m,"Bench Press (Barbell)",2,85.0,8.0,0,0.0,
2024-06-06 10:29:53,"Morning Workout",29m,"Bench Press (Barbell)",3,85.0,8.0,0,0.0,
2024-06-06 10:29:53,"Morning Workout",29m,"Bench Press (Barbell)",4,85.0,6.0,0,0.0,
2024-06-06 10:29:53,"Morning Workout",29m,"Bicep Curl (Barbell)",1,40.0,10.0,0,0.0,
2024-06-06 10:29:53,"Morning Workout",29m,"Bicep Curl (Barbell)",2,40.0,10.0,0,0.0,
2024-06-06 10:29:53,"Morning Workout",29m,"Bicep Curl (Barbell)",3,50.0,6.0,0,0.0,10
2024-06-06 10:29:53,"Morning Workout",29m,"Bent Over One Arm Row (Dumbbell)",1,30.0,10.0,0,0.0,
2024-06-06 10:29:53,"Morning Workout",29m,"Bent Over One Arm Row (Dumbbell)",2,32.5,10.0,0,0.0,
2024-06-06 10:29:53,"Morning Workout",29m,"Bent Over One Arm Row (Dumbbell)",3,32.5,10.0,0,0.0,
2024-06-06 10:29:53,"Morning Workout",29m,"Seated Leg Press (Machine)",1,170.0,10.0,0,0.0,
2024-06-06 10:29:53,"Morning Workout",29m,"Seated Leg Press (Machine)",2,190.0,10.0,0,0.0,
2024-06-06 10:29:53,"Morning Workout",29m,"Seated Leg Press (Machine)",3,190.0,10.0,0,0.0,
2024-06-06 10:29:53,"Morning Workout",29m,"Chest Fly",1,50.0,10.0,0,0.0,
2024-06-06 10:29:53,"Morning Workout",29m,"Chest Fly",2,70.0,10.0,0,0.0,
2024-06-06 10:29:53,"Morning Workout",29m,"Chest Fly",3,70.0,8.0,0,0.0,8
2024-07-17 10:02:51,"Morning Workout",38m,"Bench Press (Barbell)",1,80.0,8.0,0,0.0,
2024-07-17 10:02:51,"Morning Workout",38m,"Bench Press (Barbell)",2,80.0,8.0,0,0.0,
2024-07-17 10:02:51,"Morning Workout",38m,"Bench Press (Barbell)",3,80.0,8.0,0,0.0,
2024-07-17 10:02:51,"Morning Workout",38m,"Bench Press (Barbell)",4,80.0,5.0,0,0.0,
2024-07-17 10:02:51,"Morning Workout",38m,"Seated Overhead Press (Dumbbell)",1,17.5,10.0,0,0.0,
2024-07-17 10:02:51,"Morning Workout",38m,"Seated Overhead Press (Dumbbell)",2,17.5,10.0,0,0.0,
2024-07-17 10:02:51,"Morning Workout",38m,"Seated Overhead Press (Dumbbell)",3,20.0,10.0,0,0.0,
2024-07-17 10:02:51,"Morning Workout",38m,"Bent Over One Arm Row (Dumbbell)",1,30.0,10.0,0,0.0,
2024-07-17 10:02:51,"Morning Workout",38m,"Bent Over One Arm Row (Dumbbell)",2,30.0,10.0,0,0.0,
2024-07-17 10:02:51,"Morning Workout",38m,"Bent Over One Arm Row (Dumbbell)",3,35.0,10.0,0,0.0,
2024-07-17 10:02:51,"Morning Workout",38m,"Romanian Deadlift (Dumbbell)",1,50.0,10.0,0,0.0,
2024-07-17 10:02:51,"Morning Workout",38m,"Romanian Deadlift (Dumbbell)",2,50.0,10.0,0,0.0,
2024-07-17 10:02:51,"Morning Workout",38m,"Romanian Deadlift (Dumbbell)",3,50.0,10.0,0,0.0,
2024-07-17 10:02:51,"Morning Workout",38m,"Leg Press",1,90.0,10.0,0,0.0,
2024-07-17 10:02:51,"Morning Workout",38m,"Leg Press",2,140.0,10.0,0,0.0,
2024-07-17 10:02:51,"Morning Workout",38m,"Leg Press",3,140.0,10.0,0,0.0,
2024-07-20 11:10:50,"Morning Workout",19h 23m,"Bench Press (Barbell)",1,85.0,10.0,0,0.0,
2024-07-20 11:10:50,"Morning Workout",19h 23m,"Bench Press (Barbell)",2,85.0,8.0,0,0.0,
2024-07-20 11:10:50,"Morning Workout",19h 23m,"Bench Press (Barbell)",3,85.0,8.0,0,0.0,
2024-07-20 11:10:50,"Morning Workout",19h 23m,"Glute Bridge Life Fitness Machine",1,70.0,10.0,0,0.0,
2024-07-20 11:10:50,"Morning Workout",19h 23m,"Glute Bridge Life Fitness Machine",2,70.0,10.0,0,0.0,
2024-07-20 11:10:50,"Morning Workout",19h 23m,"Glute Bridge Life Fitness Machine",3,75.0,10.0,0,0.0,
2024-07-20 11:10:50,"Morning Workout",19h 23m,"Ball Slams",1,20.0,10.0,0,0.0,
2024-07-20 11:10:50,"Morning Workout",19h 23m,"Ball Slams",2,20.0,10.0,0,0.0,
2024-07-20 11:10:50,"Morning Workout",19h 23m,"Ball Slams",3,20.0,10.0,0,0.0,
2024-07-29 08:32:52,"Morning Workout",56m,"Glute Bridge Plates ",1,50.0,10.0,0,0.0,
2024-07-29 08:32:52,"Morning Workout",56m,"Glute Bridge Plates ",2,60.0,10.0,0,0.0,
2024-07-29 08:32:52,"Morning Workout",56m,"Glute Bridge Plates ",3,70.0,10.0,0,0.0,
2024-07-29 08:32:52,"Morning Workout",56m,"Ball Slams",1,15.0,10.0,0,0.0,
2024-07-29 08:32:52,"Morning Workout",56m,"Ball Slams",2,15.0,10.0,0,0.0,
2024-07-29 08:32:52,"Morning Workout",56m,"Ball Slams",3,15.0,10.0,0,0.0,
2024-07-29 08:32:52,"Morning Workout",56m,"Squat (Dumbbell)",1,17.5,10.0,0,0.0,
2024-07-29 08:32:52,"Morning Workout",56m,"Jumping Jack",1,0,30.0,0,0.0,
2024-07-29 08:32:52,"Morning Workout",56m,"Lunge (Dumbbell)",1,17.5,10.0,0,0.0,
2024-07-29 08:32:52,"Morning Workout",56m,"High Knee Skips",1,0,30.0,0,0.0,
2024-07-29 08:32:52,"Morning Workout",56m,"Deadlift (Barbell)",1,95.0,8.0,0,0.0,
2024-07-29 08:32:52,"Morning Workout",56m,"Deadlift (Barbell)",2,95.0,8.0,0,0.0,
2024-07-29 08:32:52,"Morning Workout",56m,"Deadlift (Barbell)",3,95.0,8.0,0,0.0,
2024-07-29 08:32:52,"Morning Workout",56m,"Deadlift (Barbell)",4,95.0,8.0,0,0.0,
2024-07-29 08:32:52,"Morning Workout",56m,"Bench Press (Barbell)",1,85.0,10.0,0,0.0,
2024-07-29 08:32:52,"Morning Workout",56m,"Bench Press (Barbell)",2,85.0,8.0,0,0.0,
2024-07-29 08:32:52,"Morning Workout",56m,"Bench Press (Barbell)",3,85.0,8.0,0,0.0,
2024-07-29 08:32:52,"Morning Workout",56m,"Bench Press (Barbell)",4,85.0,8.0,0,0.0,
2024-07-29 08:32:52,"Morning Workout",56m,"Running",1,0,0.0,2.1,1080.0,
2024-08-01 10:50:09,"Early Morning Workout",1h 56m,"Running",1,0,0.0,3.1,1640.0,
2024-08-01 10:50:09,"Early Morning Workout",1h 56m,"Bicep Isometric Hold ",1,0,0.0,0,30.0,
2024-08-01 10:50:09,"Early Morning Workout",1h 56m,"Bicep Isometric Hold ",2,0,0.0,0,45.0,
2024-08-01 10:50:09,"Early Morning Workout",1h 56m,"Bicep Isometric Hold ",3,0,0.0,0,45.0,
2024-08-01 10:50:09,"Early Morning Workout",1h 56m,"Bench Press (Dumbbell)",1,30.0,10.0,0,0.0,
2024-08-01 10:50:09,"Early Morning Workout",1h 56m,"Bench Press (Dumbbell)",2,35.0,10.0,0,0.0,
2024-08-01 10:50:09,"Early Morning Workout",1h 56m,"Bench Press (Dumbbell)",3,40.0,8.0,0,0.0,
2024-08-01 10:50:09,"Early Morning Workout",1h 56m,"Bent Over One Arm Row (Dumbbell)",1,30.0,10.0,0,0.0,
2024-08-01 10:50:09,"Early Morning Workout",1h 56m,"Bent Over One Arm Row (Dumbbell)",2,35.0,10.0,0,0.0,
2024-08-01 10:50:09,"Early Morning Workout",1h 56m,"Bent Over One Arm Row (Dumbbell)",3,40.0,10.0,0,0.0,
2024-08-01 10:50:09,"Early Morning Workout",1h 56m,"Romanian Deadlift (Dumbbell)",1,50.0,10.0,0,0.0,
2024-08-01 10:50:09,"Early Morning Workout",1h 56m,"Arnold Press (Dumbbell)",1,20.0,10.0,0,0.0,
2024-08-02 11:23:19,"Morning Workout",15m,"Running",1,0,0.0,3.4,1800.0,
2024-08-03 12:14:17,"Morning Workout",11s,"Running",1,0,0.0,4.0,2060.0,
2024-08-06 09:12:22,"Morning Workout",27m,"Running",1,0,0.0,3.1,1500.0,
2024-08-06 09:12:22,"Morning Workout",27m,"Glute Bridge Life Fitness Machine",1,70.0,10.0,0,0.0,
2024-08-06 09:12:22,"Morning Workout",27m,"Glute Bridge Life Fitness Machine",2,70.0,10.0,0,0.0,
2024-08-06 09:12:22,"Morning Workout",27m,"Glute Bridge Life Fitness Machine",3,75.0,10.0,0,0.0,
2024-08-06 09:12:22,"Morning Workout",27m,"Ball Slams",1,15.0,10.0,0,0.0,
2024-08-06 09:12:22,"Morning Workout",27m,"Ball Slams",2,15.0,10.0,0,0.0,
2024-08-06 09:12:22,"Morning Workout",27m,"Ball Slams",3,15.0,10.0,0,0.0,
2024-08-08 08:23:58,"Morning Workout",142h 52m,"Deadlift (Barbell)",1,95.0,10.0,0,0.0,
2024-08-08 08:23:58,"Morning Workout",142h 52m,"Deadlift (Barbell)",2,115.0,10.0,0,0.0,
2024-08-08 08:23:58,"Morning Workout",142h 52m,"Deadlift (Barbell)",3,115.0,10.0,0,0.0,
2024-08-08 08:23:58,"Morning Workout",142h 52m,"Deadlift (Barbell)",4,115.0,10.0,0,0.0,
2024-08-08 08:23:58,"Morning Workout",142h 52m,"Bench Press (Barbell)",1,85.0,8.0,0,0.0,
2024-08-08 08:23:58,"Morning Workout",142h 52m,"Bench Press (Barbell)",2,85.0,8.0,0,0.0,
2024-08-08 08:23:58,"Morning Workout",142h 52m,"Bench Press (Barbell)",3,85.0,8.0,0,0.0,
2024-08-14 08:22:22,"Day 1 ☢️",52m,"Bench Press (Barbell)",1,90.0,8.0,0,0.0,
2024-08-14 08:22:22,"Day 1 ☢️",52m,"Bench Press (Barbell)",2,90.0,8.0,0,0.0,
2024-08-14 08:22:22,"Day 1 ☢️",52m,"Bench Press (Barbell)",3,90.0,8.0,0,0.0,
2024-08-14 08:22:22,"Day 1 ☢️",52m,"Bench Press (Barbell)",4,85.0,8.0,0,0.0,8
2024-08-14 08:22:22,"Day 1 ☢️",52m,"Bicep Curl (Barbell)",1,40.0,10.0,0,0.0,
2024-08-14 08:22:22,"Day 1 ☢️",52m,"Bicep Curl (Barbell)",2,40.0,10.0,0,0.0,7
2024-08-14 08:22:22,"Day 1 ☢️",52m,"Bicep Curl (Barbell)",3,40.0,12.0,0,0.0,8
2024-08-14 08:22:22,"Day 1 ☢️",52m,"Chest Fly",1,50.0,10.0,0,0.0,6
2024-08-14 08:22:22,"Day 1 ☢️",52m,"Chest Fly",2,70.0,10.0,0,0.0,6
2024-08-14 08:22:22,"Day 1 ☢️",52m,"Chest Fly",3,75.0,12.0,0,0.0,7
2024-08-14 08:22:22,"Day 1 ☢️",52m,"Bent Over One Arm Row (Dumbbell)",1,40.0,10.0,0,0.0,
2024-08-14 08:22:22,"Day 1 ☢️",52m,"Bent Over One Arm Row (Dumbbell)",2,40.0,10.0,0,0.0,8
2024-08-14 08:22:22,"Day 1 ☢️",52m,"Bent Over One Arm Row (Dumbbell)",3,40.0,10.0,0,0.0,8
2024-08-14 08:22:22,"Day 1 ☢️",52m,"Arnold Press (Dumbbell)",1,20.0,10.0,0,0.0,
2024-08-14 08:22:22,"Day 1 ☢️",52m,"Arnold Press (Dumbbell)",2,22.5,10.0,0,0.0,
2024-08-14 08:22:22,"Day 1 ☢️",52m,"Arnold Press (Dumbbell)",3,22.5,10.0,0,0.0,8
2024-08-14 08:22:22,"Day 1 ☢️",52m,"T Bar Row",1,20.0,10.0,0,0.0,6
2024-08-14 08:22:22,"Day 1 ☢️",52m,"T Bar Row",2,35.0,10.0,0,0.0,7
2024-08-14 08:22:22,"Day 1 ☢️",52m,"T Bar Row",3,35.0,10.0,0,0.0,8
2024-08-14 08:22:22,"Day 1 ☢️",52m,"Hack Squat",1,0.0,10.0,0,0.0,6
2024-08-14 08:22:22,"Day 1 ☢️",52m,"Hack Squat",2,30.0,10.0,0,0.0,7
2024-08-14 08:22:22,"Day 1 ☢️",52m,"Hack Squat",3,40.0,10.0,0,0.0,8
2024-08-14 08:22:22,"Day 1 ☢️",52m,"Hack Squat",4,50.0,10.0,0,0.0,9
2024-08-18 12:01:39,"Day 3 🚦",311h 20m,"Squat (Barbell)",1,45.0,10.0,0,0.0,
2024-08-18 12:01:39,"Day 3 🚦",311h 20m,"Squat (Barbell)",2,65.0,10.0,0,0.0,
2024-08-18 12:01:39,"Day 3 🚦",311h 20m,"Squat (Barbell)",3,65.0,10.0,0,0.0,
2024-08-18 12:01:39,"Day 3 🚦",311h 20m,"Squat (Barbell)",4,65.0,10.0,0,0.0,
2024-08-18 12:01:39,"Day 3 🚦",311h 20m,"Squat (Barbell)",5,65.0,10.0,0,0.0,
2024-08-18 12:01:39,"Day 3 🚦",311h 20m,"Squat (Barbell)",6,65.0,5.0,0,0.0,
2024-08-18 12:01:39,"Day 3 🚦",311h 20m,"Bench Press (Barbell)",1,65.0,5.0,0,0.0,
2024-08-18 12:01:39,"Day 3 🚦",311h 20m,"Bench Press (Barbell)",2,95.0,8.0,0,0.0,
2024-08-18 12:01:39,"Day 3 🚦",311h 20m,"Bench Press (Barbell)",3,95.0,8.0,0,0.0,
2024-08-18 12:01:39,"Day 3 🚦",311h 20m,"Bench Press (Barbell)",4,85.0,5.0,0,0.0,
2024-08-18 12:01:39,"Day 3 🚦",311h 20m,"Bicep Curl (Barbell)",1,40.0,10.0,0,0.0,
2024-08-18 12:01:39,"Day 3 🚦",311h 20m,"Bicep Curl (Barbell)",2,40.0,10.0,0,0.0,
2024-08-18 12:01:39,"Day 3 🚦",311h 20m,"Bicep Curl (Barbell)",3,40.0,15.0,0,0.0,
2024-08-18 12:01:39,"Day 3 🚦",311h 20m,"Shoulder Sword Pull",1,5.5,10.0,0,0.0,
2024-08-18 12:01:39,"Day 3 🚦",311h 20m,"Shoulder Sword Pull",2,7.5,10.0,0,0.0,
2024-08-18 12:01:39,"Day 3 🚦",311h 20m,"Shoulder Sword Pull",3,7.5,10.0,0,0.0,
2024-08-18 12:01:39,"Day 3 🚦",311h 20m,"Romanian Deadlift (Dumbbell)",1,45.0,10.0,0,0.0,
2024-08-18 12:01:39,"Day 3 🚦",311h 20m,"Romanian Deadlift (Dumbbell)",2,45.0,10.0,0,0.0,
2024-08-18 12:01:39,"Day 3 🚦",311h 20m,"Romanian Deadlift (Dumbbell)",3,45.0,10.0,0,0.0,
2024-08-18 12:01:39,"Day 3 🚦",311h 20m,"Lat Pulldown (Cable)",1,42.5,10.0,0,0.0,
2024-08-18 12:01:39,"Day 3 🚦",311h 20m,"Lat Pulldown (Cable)",2,42.5,10.0,0,0.0,
2024-08-18 12:01:39,"Day 3 🚦",311h 20m,"Lat Pulldown (Cable)",3,42.5,5.0,0,0.0,
2024-09-29 11:58:05,"Morning Workout",9,719h 22m,"Bench Press (Barbell)",1,85.0,8.0,0,0.0,
2024-09-29 11:58:05,"Morning Workout",9,719h 22m,"Bench Press (Barbell)",2,85.0,8.0,0,0.0,
2024-09-29 11:58:05,"Morning Workout",9,719h 22m,"Bench Press (Barbell)",3,85.0,8.0,0,0.0,
2024-09-29 11:58:05,"Morning Workout",9,719h 22m,"Bench Press (Barbell)",4,95.0,5.0,0,0.0,
2024-09-29 11:58:05,"Morning Workout",9,719h 22m,"Seated Row (Cable)",1,70.0,10.0,0,0.0,
2024-09-29 11:58:05,"Morning Workout",9,719h 22m,"Seated Row (Cable)",2,85.0,10.0,0,0.0,
2025-11-08 09:35:10,"☀️🌞🍉👙",1m,"Bench Press (Barbell)",1,80.0,8.0,0,0.0,
2025-11-08 09:35:10,"☀️🌞🍉👙",1m,"Bench Press (Barbell)",2,80.0,8.0,0,0.0,
2025-11-08 09:35:10,"☀️🌞🍉👙",1m,"Bench Press (Barbell)",3,80.0,8.0,0,0.0,
2025-11-08 09:35:10,"☀️🌞🍉👙",1m,"Bench Press (Barbell)",4,80.0,5.0,0,0.0,
2025-11-08 09:35:10,"☀️🌞🍉👙",1m,"Seated Overhead Press (Dumbbell)",1,17.5,10.0,0,0.0,
2025-11-08 09:35:10,"☀️🌞🍉👙",1m,"Seated Overhead Press (Dumbbell)",2,17.5,10.0,0,0.0,
2025-11-08 09:35:10,"☀️🌞🍉👙",1m,"Seated Overhead Press (Dumbbell)",3,28.0,10.0,0,0.0,
2025-11-08 09:35:10,"☀️🌞🍉👙",1m,"Bent Over One Arm Row (Dumbbell)",1,30.0,10.0,0,0.0,
2025-11-08 09:35:10,"☀️🌞🍉👙",1m,"Bent Over One Arm Row (Dumbbell)",2,30.0,10.0,0,0.0,
2025-11-08 09:35:10,"☀️🌞🍉👙",1m,"Bent Over One Arm Row (Dumbbell)",3,35.0,10.0,0,0.0,
2025-11-08 09:35:10,"☀️🌞🍉👙",1m,"Romanian Deadlift (Dumbbell)",1,50.0,10.0,0,0.0,
2025-11-08 09:35:10,"☀️🌞🍉👙",1m,"Romanian Deadlift (Dumbbell)",2,50.0,10.0,0,0.0,
2025-11-08 09:35:10,"☀️🌞🍉👙",1m,"Romanian Deadlift (Dumbbell)",3,50.0,10.0,0,0.0,
2025-11-08 09:35:10,"☀️🌞🍉👙",1m,"Leg Press",1,90.0,10.0,0,0.0,
2025-11-08 09:35:10,"☀️🌞🍉👙",1m,"Leg Press",2,140.0,10.0,0,0.0,
2025-11-08 09:35:10,"☀️🌞🍉👙",1m,"Leg Press",3,140.0,10.0,0,0.0,
2025-11-24 12:20:37,"Nov 21 🫡",37m,"Bench Press (Barbell)",1,65.0,8.0,0,0.0,
2025-11-24 12:20:37,"Nov 21 🫡",37m,"Bench Press (Barbell)",2,85.0,7.0,0,0.0,
2025-11-24 12:20:37,"Nov 21 🫡",37m,"Bench Press (Barbell)",3,85.0,7.0,0,0.0,
2025-11-24 12:20:37,"Nov 21 🫡",37m,"Bench Press (Barbell)",4,95.0,4.0,0,0.0,
2025-11-24 12:20:37,"Nov 21 🫡",37m,"Bench Press (Barbell)",5,75.0,10.0,0,0.0,
2025-11-24 12:20:37,"Nov 21 🫡",37m,"Romanian Deadlift (Barbell)",1,70.0,10.0,0,0.0,
2025-11-24 12:20:37,"Nov 21 🫡",37m,"Romanian Deadlift (Barbell)",2,70.0,10.0,0,0.0,
2025-11-24 12:20:37,"Nov 21 🫡",37m,"Romanian Deadlift (Barbell)",3,70.0,10.0,0,0.0,
2025-11-24 12:20:37,"Nov 21 🫡",37m,"Goblet Squat (Kettlebell)",1,30.0,10.0,0,0.0,
2025-11-24 12:20:37,"Nov 21 🫡",37m,"Goblet Squat (Kettlebell)",2,35.0,10.0,0,0.0,
2025-11-24 12:20:37,"Nov 21 🫡",37m,"Goblet Squat (Kettlebell)",3,35.0,10.0,0,0.0,
2025-11-24 12:20:37,"Nov 21 🫡",37m,"Arnold Press (Dumbbell)",1,22.5,10.0,0,0.0,
2025-11-24 12:20:37,"Nov 21 🫡",37m,"Arnold Press (Dumbbell)",2,22.5,10.0,0,0.0,
2025-11-24 12:20:37,"Nov 21 🫡",37m,"Arnold Press (Dumbbell)",3,22.5,7.0,0,0.0,
2025-11-24 12:20:37,"Nov 21 🫡",37m,"Lateral Raise (Dumbbell)",1,12.0,10.0,0,0.0,
2025-11-24 12:20:37,"Nov 21 🫡",37m,"Lateral Raise (Dumbbell)",2,12.0,10.0,0,0.0,
2025-11-24 12:20:37,"Nov 21 🫡",37m,"Lateral Raise (Dumbbell)",3,10.0,10.0,0,0.0,
2025-11-24 12:20:37,"Nov 21 🫡",37m,"Thruster (Kettlebell)",1,12.0,10.0,0,0.0,
2025-11-24 12:20:37,"Nov 21 🫡",37m,"Thruster (Kettlebell)",2,12.0,10.0,0,0.0,
2025-11-24 12:20:37,"Nov 21 🫡",37m,"Thruster (Kettlebell)",3,10.0,10.0,0,0.0,
2025-11-30 11:19:01,"Morning Workout",14m,"Bench Press (Barbell)",1,65.0,10.0,0,0.0,
2025-11-30 11:19:01,"Morning Workout",14m,"Bench Press (Barbell)",2,85.0,10.0,0,0.0,
2025-11-30 11:19:01,"Morning Workout",14m,"Bench Press (Barbell)",3,85.0,8.0,0,0.0,
2025-11-30 11:19:01,"Morning Workout",14m,"Bench Press (Barbell)",4,85.0,8.0,0,0.0,
2025-11-30 11:19:01,"Morning Workout",14m,"Bench Press (Barbell)",5,85.0,5.0,0,0.0,
2025-12-13 10:08:49,"Morning Workout",18m,"Bench Press (Barbell)",1,65.0,10.0,0,0.0,
2025-12-13 10:08:49,"Morning Workout",18m,"Bench Press (Barbell)",2,85.0,8.0,0,0.0,
2025-12-13 10:08:49,"Morning Workout",18m,"Bench Press (Barbell)",3,85.0,6.0,0,0.0,
2025-12-13 10:08:49,"Morning Workout",18m,"Bench Press (Barbell)",4,85.0,5.0,0,0.0,
2025-12-13 10:08:49,"Morning Workout",18m,"Bench Press (Barbell)",5,85.0,4.0,0,0.0,
2025-12-13 10:08:49,"Morning Workout",18m,"Romanian Deadlift (Barbell)",1,70.0,10.0,0,0.0,
2025-12-13 10:08:49,"Morning Workout",18m,"Romanian Deadlift (Barbell)",2,80.0,10.0,0,0.0,
2025-12-13 10:08:49,"Morning Workout",18m,"Romanian Deadlift (Barbell)",3,80.0,10.0,0,0.0,
2025-12-17 11:49:48,"Morning Workout",43m,"Bench Press (Barbell)",1,65.0,10.0,0,0.0,
2025-12-17 11:49:48,"Morning Workout",43m,"Bench Press (Barbell)",2,85.0,8.0,0,0.0,
2025-12-17 11:49:48,"Morning Workout",43m,"Bench Press (Barbell)",3,90.0,8.0,0,0.0,
2025-12-17 11:49:48,"Morning Workout",43m,"Bench Press (Barbell)",4,90.0,8.0,0,0.0,
2025-12-17 11:49:48,"Morning Workout",43m,"Bench Press (Barbell)",5,95.0,6.0,0,0.0,
2025-12-17 11:49:48,"Morning Workout",43m,"T Bar Row",1,20.0,10.0,0,0.0,6
2025-12-17 11:49:48,"Morning Workout",43m,"T Bar Row",2,25.0,10.0,0,0.0,
2025-12-17 11:49:48,"Morning Workout",43m,"T Bar Row",3,35.0,10.0,0,0.0,
2025-12-17 11:49:48,"Morning Workout",43m,"Romanian Deadlift (Barbell)",1,70.0,10.0,0,0.0,
2025-12-17 11:49:48,"Morning Workout",43m,"Romanian Deadlift (Barbell)",2,80.0,10.0,0,0.0,
2025-12-17 11:49:48,"Morning Workout",43m,"Romanian Deadlift (Barbell)",3,90.0,10.0,0,0.0,
2025-12-17 11:49:48,"Morning Workout",43m,"Goblet Squat (Kettlebell)",1,40.0,10.0,0,0.0,
2025-12-17 11:49:48,"Morning Workout",43m,"Goblet Squat (Kettlebell)",2,40.0,10.0,0,0.0,
2025-12-17 11:49:48,"Morning Workout",43m,"Goblet Squat (Kettlebell)",3,40.0,10.0,0,0.0,
2025-12-18 15:36:25,"Midday Workout",14m,"Bent Over One Arm Row (Dumbbell)",1,40.0,10.0,0,0.0,
2025-12-18 15:36:25,"Midday Workout",14m,"Bent Over One Arm Row (Dumbbell)",2,40.0,10.0,0,0.0,
2025-12-18 15:36:25,"Midday Workout",14m,"Bent Over One Arm Row (Dumbbell)",3,45.0,10.0,0,0.0,
2025-12-18 15:36:25,"Midday Workout",14m,"Goblet Squat (Kettlebell)",1,30.0,10.0,0,0.0,
2025-12-18 15:36:25,"Midday Workout",14m,"Goblet Squat (Kettlebell)",2,40.0,10.0,0,0.0,
2025-12-18 15:36:25,"Midday Workout",14m,"Goblet Squat (Kettlebell)",3,45.0,10.0,0,0.0,
2025-12-21 12:18:17,"Morning Workout",36m,"Bench Press (Dumbbell)",1,35.0,10.0,0,0.0,
2025-12-21 12:18:17,"Morning Workout",36m,"Bench Press (Dumbbell)",2,35.0,10.0,0,0.0,
2025-12-21 12:18:17,"Morning Workout",36m,"Bench Press (Dumbbell)",3,40.0,10.0,0,0.0,
2025-12-21 12:18:17,"Morning Workout",36m,"Bench Press (Dumbbell)",4,40.0,10.0,0,0.0,
2025-12-21 12:18:17,"Morning Workout",36m,"Bent Over One Arm Row (Dumbbell)",1,45.0,10.0,0,0.0,
2025-12-21 12:18:17,"Morning Workout",36m,"Bent Over One Arm Row (Dumbbell)",2,45.0,10.0,0,0.0,
2025-12-21 12:18:17,"Morning Workout",36m,"Bent Over One Arm Row (Dumbbell)",3,50.0,9.0,0,0.0,
2025-12-21 12:18:17,"Morning Workout",36m,"Step-up",1,0,20.0,0,0.0,
2025-12-21 12:18:17,"Morning Workout",36m,"Step-up",2,0,20.0,0,0.0,
2025-12-21 12:18:17,"Morning Workout",36m,"Step-up",3,0,20.0,0,0.0,
2025-12-21 12:18:17,"Morning Workout",36m,"Romanian Deadlift (Dumbbell)",1,45.0,10.0,0,0.0,
2025-12-21 12:18:17,"Morning Workout",36m,"Romanian Deadlift (Dumbbell)",2,50.0,10.0,0,0.0,
2025-12-21 12:18:17,"Morning Workout",36m,"Romanian Deadlift (Dumbbell)",3,50.0,10.0,0,0.0,
2025-12-21 12:18:17,"Morning Workout",36m,"Goblet Squat (Kettlebell)",1,30.0,10.0,0,0.0,
2025-12-21 12:18:17,"Morning Workout",36m,"Goblet Squat (Kettlebell)",2,35.0,10.0,0,0.0,
2025-12-21 12:18:17,"Morning Workout",36m,"Goblet Squat (Kettlebell)",3,35.0,10.0,0,0.0,
2025-12-21 12:18:17,"Morning Workout",36m,"Arnold Press (Dumbbell)",1,20.0,10.0,0,0.0,
2025-12-21 12:18:17,"Morning Workout",36m,"Arnold Press (Dumbbell)",2,25.0,10.0,0,0.0,
2025-12-21 12:18:17,"Morning Workout",36m,"Arnold Press (Dumbbell)",3,25.0,7.0,0,0.0,
2025-12-23 13:34:01,"Morning Workout",13m,"Bench Press (Dumbbell)",1,35.0,10.0,0,0.0,
2025-12-23 13:34:01,"Morning Workout",13m,"Bench Press (Dumbbell)",2,40.0,10.0,0,0.0,
2025-12-23 13:34:01,"Morning Workout",13m,"Bench Press (Dumbbell)",3,40.0,10.0,0,0.0,
2025-12-23 13:34:01,"Morning Workout",13m,"Romanian Deadlift (Dumbbell)",1,45.0,10.0,0,0.0,
2025-12-23 13:34:01,"Morning Workout",13m,"Romanian Deadlift (Dumbbell)",2,45.0,10.0,0,0.0,
2025-12-23 13:34:01,"Morning Workout",13m,"Romanian Deadlift (Dumbbell)",3,45.0,10.0,0,0.0,
2025-12-23 13:34:01,"Morning Workout",13m,"Bulgarian Split Squat",1,20.0,10.0,0,0.0,
2025-12-23 13:34:01,"Morning Workout",13m,"Bulgarian Split Squat",2,20.0,10.0,0,0.0,
2025-12-28 12:07:38,"Midday Workout",30m,"Bench Press (Barbell)",1,65.0,10.0,0,0.0,
2025-12-28 12:07:38,"Midday Workout",30m,"Bench Press (Barbell)",2,95.0,6.0,0,0.0,
2025-12-28 12:07:38,"Midday Workout",30m,"Bench Press (Barbell)",3,95.0,6.0,0,0.0,
2025-12-28 12:07:38,"Midday Workout",30m,"Bench Press (Barbell)",4,100.0,6.0,0,0.0,
2025-12-28 12:07:38,"Midday Workout",30m,"Bench Press (Barbell)",5,95.0,7.0,0,0.0,
2025-12-28 12:07:38,"Midday Workout",30m,"Romanian Deadlift (Barbell)",1,80.0,10.0,0,0.0,
2025-12-28 12:07:38,"Midday Workout",30m,"Romanian Deadlift (Barbell)",2,90.0,10.0,0,0.0,
2025-12-28 12:07:38,"Midday Workout",30m,"Romanian Deadlift (Barbell)",3,90.0,10.0,0,0.0,
2025-12-28 12:07:38,"Midday Workout",30m,"Goblet Squat (Kettlebell)",1,35.0,10.0,0,0.0,
2025-12-28 12:07:38,"Midday Workout",30m,"Goblet Squat (Kettlebell)",2,35.0,10.0,0,0.0,
2025-12-28 12:07:38,"Midday Workout",30m,"Goblet Squat (Kettlebell)",3,35.0,10.0,0,0.0,
2025-12-28 12:07:38,"Midday Workout",30m,"Hanging Leg Raise",1,0,10.0,0,0.0,
2025-12-28 12:07:38,"Midday Workout",30m,"Hanging Leg Raise",2,0,10.0,0,0.0,
2025-12-28 12:07:38,"Midday Workout",30m,"Hanging Leg Raise",3,0,8.0,0,0.0,
2025-12-28 12:07:38,"Midday Workout",30m,"T Bar Row",1,25.0,10.0,0,0.0,
2025-12-28 12:07:38,"Midday Workout",30m,"T Bar Row",2,40.0,10.0,0,0.0,
2025-12-28 12:07:38,"Midday Workout",30m,"T Bar Row",3,40.0,10.0,0,0.0,
2025-12-31 12:09:24,"Midday Workout",9m,"Bench Press (Barbell)",1,65.0,10.0,0,0.0,
2025-12-31 12:09:24,"Midday Workout",9m,"Bench Press (Barbell)",2,95.0,6.0,0,0.0,
2025-12-31 12:09:24,"Midday Workout",9m,"Bench Press (Barbell)",3,95.0,6.0,0,0.0,
2025-12-31 12:09:24,"Midday Workout",9m,"Bench Press (Barbell)",4,95.0,6.0,0,0.0,
2025-12-31 12:09:24,"Midday Workout",9m,"Bench Press (Barbell)",5,95.0,6.0,0,0.0,
2026-01-03 11:44:23,"Morning Workout",35m,"Leg Press",1,90.0,10.0,0,0.0,
2026-01-03 11:44:23,"Morning Workout",35m,"Leg Press",2,140.0,10.0,0,0.0,
2026-01-03 11:44:23,"Morning Workout",35m,"Leg Press",3,140.0,10.0,0,0.0,
2026-01-03 11:44:23,"Morning Workout",35m,"Leg Press",4,230.0,10.0,0,0.0,
2026-01-03 11:44:23,"Morning Workout",35m,"Bench Press (Barbell)",1,65.0,10.0,0,0.0,
2026-01-03 11:44:23,"Morning Workout",35m,"Bench Press (Barbell)",2,95.0,10.0,0,0.0,
2026-01-03 11:44:23,"Morning Workout",35m,"Bench Press (Barbell)",3,105.0,4.0,0,0.0,
2026-01-03 11:44:23,"Morning Workout",35m,"Bench Press (Barbell)",4,95.0,8.0,0,0.0,
2026-01-03 11:44:23,"Morning Workout",35m,"Bench Press (Barbell)",5,95.0,6.0,0,0.0,
2026-01-03 11:44:23,"Morning Workout",35m,"T Bar Row",1,45.0,8.0,0,0.0,
2026-01-03 11:44:23,"Morning Workout",35m,"T Bar Row",2,45.0,10.0,0,0.0,
2026-01-03 11:44:23,"Morning Workout",35m,"T Bar Row",3,45.0,10.0,0,0.0,
2026-01-03 11:44:23,"Morning Workout",35m,"Romanian Deadlift (Barbell)",1,90.0,10.0,0,0.0,
2026-01-03 11:44:23,"Morning Workout",35m,"Romanian Deadlift (Barbell)",2,90.0,10.0,0,0.0,
2026-01-03 11:44:23,"Morning Workout",35m,"Romanian Deadlift (Barbell)",3,90.0,10.0,0,0.0,
2026-01-05 09:26:14,"Morning Workout",55m,"Bulgarian Split Squat",1,25.0,10.0,0,0.0,
2026-01-05 09:26:14,"Morning Workout",55m,"Bulgarian Split Squat",2,25.0,10.0,0,0.0,
2026-01-05 09:26:14,"Morning Workout",55m,"Lat Pulldown (Cable)",1,47.5,10.0,0,0.0,
2026-01-05 09:26:14,"Morning Workout",55m,"Lat Pulldown (Cable)",2,47.5,10.0,0,0.0,
2026-01-05 09:26:14,"Morning Workout",55m,"Lat Pulldown (Cable)",3,47.5,10.0,0,0.0,
2026-01-05 09:26:14,"Morning Workout",55m,"Seated Row (Cable)",1,85.0,10.0,0,0.0,
2026-01-05 09:26:14,"Morning Workout",55m,"Seated Row (Cable)",2,85.0,10.0,0,0.0,
2026-01-05 09:26:14,"Morning Workout",55m,"Seated Row (Cable)",3,85.0,10.0,0,0.0,
2026-01-05 09:26:14,"Morning Workout",55m,"Incline Bench Press (Dumbbell)",1,30.0,10.0,0,0.0,
2026-01-05 09:26:14,"Morning Workout",55m,"Incline Bench Press (Dumbbell)",2,30.0,10.0,0,0.0,
2026-01-05 09:26:14,"Morning Workout",55m,"Incline Bench Press (Dumbbell)",3,30.0,10.0,0,0.0,
2026-01-05 09:26:14,"Morning Workout",55m,"Reverse Fly (Dumbbell)",1,10.0,8.0,0,0.0,
2026-01-05 09:26:14,"Morning Workout",55m,"Reverse Fly (Dumbbell)",2,10.0,8.0,0,0.0,
2026-01-05 09:26:14,"Morning Workout",55m,"Reverse Fly (Dumbbell)",3,10.0,8.0,0,0.0,
2026-01-05 09:26:14,"Morning Workout",55m,"Front Raise (Dumbbell)",1,10.0,8.0,0,0.0,
2026-01-05 09:26:14,"Morning Workout",55m,"Front Raise (Dumbbell)",2,10.0,8.0,0,0.0,
2026-01-05 09:26:14,"Morning Workout",55m,"Front Raise (Dumbbell)",3,10.0,8.0,0,0.0,
2026-01-05 09:26:14,"Morning Workout",55m,"Goblet Squat (Kettlebell)",1,45.0,10.0,0,0.0,
2026-01-05 09:26:14,"Morning Workout",55m,"Goblet Squat (Kettlebell)",2,45.0,10.0,0,0.0,
2026-01-05 09:26:14,"Morning Workout",55m,"Lunge (Bodyweight)",1,0,10.0,0,0.0,
2026-01-05 09:26:14,"Morning Workout",55m,"Lunge (Bodyweight)",2,0,10.0,0,0.0,
2026-01-07 14:13:49,"Afternoon Workout",42m,"Bench Press (Barbell)",1,65.0,10.0,0,0.0,
2026-01-07 14:13:49,"Afternoon Workout",42m,"Bench Press (Barbell)",2,95.0,8.0,0,0.0,
2026-01-07 14:13:49,"Afternoon Workout",42m,"Bench Press (Barbell)",3,100.0,6.0,0,0.0,
2026-01-07 14:13:49,"Afternoon Workout",42m,"Bench Press (Barbell)",4,100.0,6.0,0,0.0,
2026-01-07 14:13:49,"Afternoon Workout",42m,"Bench Press (Barbell)",5,100.0,5.0,0,0.0,
2026-01-07 14:13:49,"Afternoon Workout",42m,"Romanian Deadlift (Barbell)",1,90.0,10.0,0,0.0,
2026-01-07 14:13:49,"Afternoon Workout",42m,"Romanian Deadlift (Barbell)",2,100.0,10.0,0,0.0,
2026-01-07 14:13:49,"Afternoon Workout",42m,"Romanian Deadlift (Barbell)",3,100.0,10.0,0,0.0,
2026-01-07 14:13:49,"Afternoon Workout",42m,"Goblet Squat (Kettlebell)",1,45.0,10.0,0,0.0,
2026-01-07 14:13:49,"Afternoon Workout",42m,"Goblet Squat (Kettlebell)",2,45.0,10.0,0,0.0,
2026-01-07 14:13:49,"Afternoon Workout",42m,"Goblet Squat (Kettlebell)",3,45.0,10.0,0,0.0,
2026-01-07 14:13:49,"Afternoon Workout",42m,"Arnold Press (Dumbbell)",1,25.0,10.0,0,0.0,
2026-01-07 14:13:49,"Afternoon Workout",42m,"Arnold Press (Dumbbell)",2,25.0,11.0,0,0.0,
2026-01-07 14:13:49,"Afternoon Workout",42m,"Arnold Press (Dumbbell)",3,25.0,6.0,0,0.0,
2026-01-07 14:13:49,"Afternoon Workout",42m,"Leg Press",1,140.0,10.0,0,0.0,
2026-01-07 14:13:49,"Afternoon Workout",42m,"Leg Press",2,230.0,8.0,0,0.0,
2026-01-07 14:13:49,"Afternoon Workout",42m,"Leg Press",3,230.0,8.0,0,0.0,
2026-01-07 14:13:49,"Afternoon Workout",42m,"Leg Press",4,230.0,8.0,0,0.0,
2026-01-07 14:13:49,"Afternoon Workout",42m,"Lat Pulldown (Cable)",1,50.0,10.0,0,0.0,
2026-01-07 14:13:49,"Afternoon Workout",42m,"Lat Pulldown (Cable)",2,50.0,10.0,0,0.0,
2026-01-07 14:13:49,"Afternoon Workout",42m,"Lat Pulldown (Cable)",3,50.0,10.0,0,0.0,
2026-01-10 11:13:55,"Morning Workout",38m,"Hack Squat",1,50.0,10.0,0,0.0,
2026-01-10 11:13:55,"Morning Workout",38m,"Hack Squat",2,50.0,10.0,0,0.0,
2026-01-10 11:13:55,"Morning Workout",38m,"Hack Squat",3,60.0,10.0,0,0.0,
2026-01-10 11:13:55,"Morning Workout",38m,"Hack Squat",4,60.0,5.0,0,0.0,
2026-01-10 11:13:55,"Morning Workout",38m,"T Bar Row",1,45.0,10.0,0,0.0,
2026-01-10 11:13:55,"Morning Workout",38m,"T Bar Row",2,55.0,8.0,0,0.0,
2026-01-10 11:13:55,"Morning Workout",38m,"T Bar Row",3,55.0,8.0,0,0.0,
2026-01-10 11:13:55,"Morning Workout",38m,"Bench Press (Barbell)",1,55.0,10.0,0,0.0,
2026-01-10 11:13:55,"Morning Workout",38m,"Bench Press (Barbell)",2,95.0,10.0,0,0.0,
2026-01-10 11:13:55,"Morning Workout",38m,"Bench Press (Barbell)",3,100.0,7.0,0,0.0,
2026-01-10 11:13:55,"Morning Workout",38m,"Bench Press (Barbell)",4,100.0,5.0,0,0.0,
2026-01-10 11:13:55,"Morning Workout",38m,"Bench Press (Barbell)",5,95.0,5.0,0,0.0,
2026-01-10 11:13:55,"Morning Workout",38m,"Romanian Deadlift (Barbell)",1,110.0,10.0,0,0.0,
2026-01-10 11:13:55,"Morning Workout",38m,"Romanian Deadlift (Barbell)",2,110.0,10.0,0,0.0,
2026-01-10 11:13:55,"Morning Workout",38m,"Romanian Deadlift (Barbell)",3,110.0,10.0,0,0.0,
2026-01-10 11:13:55,"Morning Workout",38m,"Arnold Press (Dumbbell)",1,25.0,10.0,0,0.0,
2026-01-10 11:13:55,"Morning Workout",38m,"Arnold Press (Dumbbell)",2,25.0,10.0,0,0.0,
2026-01-10 11:13:55,"Morning Workout",38m,"Arnold Press (Dumbbell)",3,25.0,9.0,0,0.0,
2026-01-12 09:02:00,"Morning Workout",1h 2m,"Lunge (Dumbbell)",1,22.0,8.0,0,0.0,
2026-01-12 09:02:00,"Morning Workout",1h 2m,"Lunge (Dumbbell)",2,22.0,8.0,0,0.0,
2026-01-12 09:02:00,"Morning Workout",1h 2m,"Lunge (Dumbbell)",3,22.0,8.0,0,0.0,
2026-01-12 09:02:00,"Morning Workout",1h 2m,"Step-up",1,0,20.0,0,0.0,
2026-01-12 09:02:00,"Morning Workout",1h 2m,"Step-up",2,0,20.0,0,0.0,
2026-01-12 09:02:00,"Morning Workout",1h 2m,"Step-up",3,0,20.0,0,0.0,
2026-01-12 09:02:00,"Morning Workout",1h 2m,"Bench Press (Dumbbell)",1,35.0,10.0,0,0.0,
2026-01-12 09:02:00,"Morning Workout",1h 2m,"Bench Press (Dumbbell)",2,35.0,10.0,0,0.0,
2026-01-12 09:02:00,"Morning Workout",1h 2m,"Bench Press (Dumbbell)",3,35.0,12.0,0,0.0,
2026-01-12 09:02:00,"Morning Workout",1h 2m,"Bent Over One Arm Row (Dumbbell)",1,45.0,10.0,0,0.0,
2026-01-12 09:02:00,"Morning Workout",1h 2m,"Bent Over One Arm Row (Dumbbell)",2,45.0,10.0,0,0.0,
2026-01-12 09:02:00,"Morning Workout",1h 2m,"Bent Over One Arm Row (Dumbbell)",3,45.0,10.0,0,0.0,
2026-01-12 09:02:00,"Morning Workout",1h 2m,"Seated Leg Curl (Machine)",1,85.0,10.0,0,0.0,
2026-01-12 09:02:00,"Morning Workout",1h 2m,"Seated Leg Curl (Machine)",2,85.0,10.0,0,0.0,
2026-01-12 09:02:00,"Morning Workout",1h 2m,"Seated Leg Curl (Machine)",3,85.0,10.0,0,0.0,
2026-01-12 09:02:00,"Morning Workout",1h 2m,"Romanian Deadlift (Barbell)",1,80.0,10.0,0,0.0,
2026-01-12 09:02:00,"Morning Workout",1h 2m,"Romanian Deadlift (Barbell)",2,80.0,10.0,0,0.0,
2026-01-12 09:02:00,"Morning Workout",1h 2m,"Romanian Deadlift (Barbell)",3,80.0,10.0,0,0.0,
2026-01-12 09:02:00,"Morning Workout",1h 2m,"Lat Pulldown (Single Arm)",1,32.5,8.0,0,0.0,
2026-01-12 09:02:00,"Morning Workout",1h 2m,"Lat Pulldown (Single Arm)",2,32.5,8.0,0,0.0,
2026-01-12 09:02:00,"Morning Workout",1h 2m,"Arnold Press (Dumbbell)",1,25.0,8.0,0,0.0,
2026-01-12 09:02:00,"Morning Workout",1h 2m,"Arnold Press (Dumbbell)",2,25.0,7.0,0,0.0,
2026-01-15 12:27:27,"Midday Workout",35m,"Bench Press (Barbell)",1,55.0,10.0,0,0.0,
2026-01-15 12:27:27,"Midday Workout",35m,"Bench Press (Barbell)",2,95.0,8.0,0,0.0,
2026-01-15 12:27:27,"Midday Workout",35m,"Bench Press (Barbell)",3,100.0,6.0,0,0.0,
2026-01-15 12:27:27,"Midday Workout",35m,"Bench Press (Barbell)",4,100.0,7.0,0,0.0,
2026-01-15 12:27:27,"Midday Workout",35m,"Bench Press (Barbell)",5,105.0,4.0,0,0.0,
2026-01-15 12:27:27,"Midday Workout",35m,"Seated Row (Cable)",1,70.0,10.0,0,0.0,
2026-01-15 12:27:27,"Midday Workout",35m,"Seated Row (Cable)",2,85.0,10.0,0,0.0,
2026-01-15 12:27:27,"Midday Workout",35m,"Seated Row (Cable)",3,85.0,10.0,0,0.0,
2026-01-15 12:27:27,"Midday Workout",35m,"Romanian Deadlift (Barbell)",1,110.0,10.0,0,0.0,
2026-01-15 12:27:27,"Midday Workout",35m,"Romanian Deadlift (Barbell)",2,110.0,10.0,0,0.0,
2026-01-15 12:27:27,"Midday Workout",35m,"Romanian Deadlift (Barbell)",3,110.0,10.0,0,0.0,
2026-01-15 12:27:27,"Midday Workout",35m,"Goblet Squat (Kettlebell)",1,45.0,10.0,0,0.0,
2026-01-15 12:27:27,"Midday Workout",35m,"Goblet Squat (Kettlebell)",2,45.0,10.0,0,0.0,
2026-01-15 12:27:27,"Midday Workout",35m,"Goblet Squat (Kettlebell)",3,45.0,10.0,0,0.0,
2026-01-15 12:27:27,"Midday Workout",35m,"Arnold Press (Dumbbell)",1,27.5,8.0,0,0.0,
2026-01-15 12:27:27,"Midday Workout",35m,"Arnold Press (Dumbbell)",2,27.5,8.0,0,0.0,
2026-01-15 12:27:27,"Midday Workout",35m,"Arnold Press (Dumbbell)",3,27.5,5.0,0,0.0,
2026-01-19 11:34:04,"Morning Workout",45m,"Bench Press (Barbell)",1,55.0,10.0,0,0.0,
2026-01-19 11:34:04,"Morning Workout",45m,"Bench Press (Barbell)",2,95.0,9.0,0,0.0,
2026-01-19 11:34:04,"Morning Workout",45m,"Bench Press (Barbell)",3,100.0,7.0,0,0.0,
2026-01-19 11:34:04,"Morning Workout",45m,"Bench Press (Barbell)",4,105.0,6.0,0,0.0,
2026-01-19 11:34:04,"Morning Workout",45m,"Bench Press (Barbell)",5,110.0,4.0,0,0.0,
2026-01-19 11:34:04,"Morning Workout",45m,"Glute Bridge Life Fitness Machine",1,40.0,10.0,0,0.0,
2026-01-19 11:34:04,"Morning Workout",45m,"Glute Bridge Life Fitness Machine",2,70.0,10.0,0,0.0,
2026-01-19 11:34:04,"Morning Workout",45m,"Glute Bridge Life Fitness Machine",3,80.0,10.0,0,0.0,
2026-01-19 11:34:04,"Morning Workout",45m,"Glute Bridge Life Fitness Machine",4,90.0,10.0,0,0.0,
2026-01-19 11:34:04,"Morning Workout",45m,"Seated Row (Cable)",1,85.0,12.0,0,0.0,
2026-01-19 11:34:04,"Morning Workout",45m,"Seated Row (Cable)",2,85.0,12.0,0,0.0,
2026-01-19 11:34:04,"Morning Workout",45m,"Seated Row (Cable)",3,100.0,7.0,0,0.0,
2026-01-19 11:34:04,"Morning Workout",45m,"Romanian Deadlift (Barbell)",1,110.0,10.0,0,0.0,
2026-01-19 11:34:04,"Morning Workout",45m,"Romanian Deadlift (Barbell)",2,110.0,12.0,0,0.0,
2026-01-19 11:34:04,"Morning Workout",45m,"Romanian Deadlift (Barbell)",3,110.0,10.0,0,0.0,
2026-01-19 11:34:04,"Morning Workout",45m,"Seated Leg Curl (Machine)",1,80.0,10.0,0,0.0,
2026-01-19 11:34:04,"Morning Workout",45m,"Seated Leg Curl (Machine)",2,95.0,10.0,0,0.0,
2026-01-19 11:34:04,"Morning Workout",45m,"Seated Leg Curl (Machine)",3,95.0,12.0,0,0.0,
2026-01-25 09:46:04,"Morning Workout",40m,"Bench Press (Barbell)",1,55.0,10.0,0,0.0,
2026-01-25 09:46:04,"Morning Workout",40m,"Bench Press (Barbell)",2,95.0,11.0,0,0.0,
2026-01-25 09:46:04,"Morning Workout",40m,"Bench Press (Barbell)",3,105.0,6.0,0,0.0,
2026-01-25 09:46:04,"Morning Workout",40m,"Bench Press (Barbell)",4,105.0,6.0,0,0.0,
2026-01-25 09:46:04,"Morning Workout",40m,"Bench Press (Barbell)",5,110.0,4.0,0,0.0,
2026-01-25 09:46:04,"Morning Workout",40m,"Bench Press (Barbell)",6,95.0,7.0,0,0.0,
2026-01-25 09:46:04,"Morning Workout",40m,"Romanian Deadlift (Barbell)",1,45.0,10.0,0,0.0,
2026-01-25 09:46:04,"Morning Workout",40m,"Romanian Deadlift (Barbell)",2,95.0,10.0,0,0.0,
2026-01-25 09:46:04,"Morning Workout",40m,"Romanian Deadlift (Barbell)",3,115.0,10.0,0,0.0,
2026-01-25 09:46:04,"Morning Workout",40m,"Leg Press",1,180.0,10.0,0,0.0,
2026-01-25 09:46:04,"Morning Workout",40m,"Leg Press",2,180.0,10.0,0,0.0,
2026-01-25 09:46:04,"Morning Workout",40m,"Leg Press",3,180.0,10.0,0,0.0,
2026-01-25 09:46:04,"Morning Workout",40m,"Shoulder Press (Plate Loaded)",1,40.0,10.0,0,0.0,
2026-01-25 09:46:04,"Morning Workout",40m,"Shoulder Press (Plate Loaded)",2,60.0,10.0,0,0.0,
2026-01-25 09:46:04,"Morning Workout",40m,"Shoulder Press (Plate Loaded)",3,60.0,10.0,0,0.0,
2026-01-26 09:17:04,"Morning Workout",51m,"Hip Thrust (Barbell)",1,90.0,10.0,0,0.0,
2026-01-26 09:17:04,"Morning Workout",51m,"Hip Thrust (Barbell)",2,90.0,10.0,0,0.0,
2026-01-26 09:17:04,"Morning Workout",51m,"Hip Thrust (Barbell)",3,90.0,10.0,0,0.0,
2026-01-26 09:17:04,"Morning Workout",51m,"Single Leg Deadlift ",1,25.0,8.0,0,0.0,
2026-01-26 09:17:04,"Morning Workout",51m,"Single Leg Deadlift ",2,25.0,8.0,0,0.0,
2026-01-26 09:17:04,"Morning Workout",51m,"Single Leg Deadlift ",3,25.0,8.0,0,0.0,
2026-01-26 09:17:04,"Morning Workout",51m,"Arnold Press (Dumbbell)",1,22.5,10.0,0,0.0,
2026-01-26 09:17:04,"Morning Workout",51m,"Arnold Press (Dumbbell)",2,22.5,10.0,0,0.0,
2026-01-26 09:17:04,"Morning Workout",51m,"Arnold Press (Dumbbell)",3,22.5,10.0,0,0.0,
2026-01-26 09:17:04,"Morning Workout",51m,"Lateral Raise (Dumbbell)",1,12.5,10.0,0,0.0,
2026-01-26 09:17:04,"Morning Workout",51m,"Lateral Raise (Dumbbell)",2,12.5,8.0,0,0.0,
2026-01-26 09:17:04,"Morning Workout",51m,"Lateral Raise (Dumbbell)",3,12.5,6.0,0,0.0,
2026-01-26 09:17:04,"Morning Workout",51m,"Sumo Deadlift (Barbell)",1,50.0,10.0,0,0.0,
2026-01-26 09:17:04,"Morning Workout",51m,"Sumo Deadlift (Barbell)",2,50.0,10.0,0,0.0,
2026-01-26 09:17:04,"Morning Workout",51m,"Sumo Deadlift (Barbell)",3,50.0,10.0,0,0.0,
2026-01-26 09:17:04,"Morning Workout",51m,"Glute Kickback (Machine)",1,80.0,8.0,0,0.0,
2026-01-26 09:17:04,"Morning Workout",51m,"Glute Kickback (Machine)",2,80.0,8.0,0,0.0,
2026-01-26 09:17:04,"Morning Workout",51m,"Glute Kickback (Machine)",3,80.0,8.0,0,0.0,
2026-01-26 09:17:04,"Morning Workout",51m,"Lat Pulldown (Single Arm)",1,32.5,8.0,0,0.0,
2026-01-26 09:17:04,"Morning Workout",51m,"Lat Pulldown (Single Arm)",2,32.5,8.0,0,0.0,
2026-01-29 15:10:55,"Afternoon Workout",51m,"Bench Press (Barbell)",1,55.0,10.0,0,0.0,
2026-01-29 15:10:55,"Afternoon Workout",51m,"Bench Press (Barbell)",2,95.0,12.0,0,0.0,
2026-01-29 15:10:55,"Afternoon Workout",51m,"Bench Press (Barbell)",3,105.0,7.0,0,0.0,
2026-01-29 15:10:55,"Afternoon Workout",51m,"Bench Press (Barbell)",4,105.0,6.0,0,0.0,
2026-01-29 15:10:55,"Afternoon Workout",51m,"Bench Press (Barbell)",5,110.0,5.0,0,0.0,
2026-01-29 15:10:55,"Afternoon Workout",51m,"Bench Press (Barbell)",6,95.0,8.0,0,0.0,
2026-01-29 15:10:55,"Afternoon Workout",51m,"Romanian Deadlift (Barbell)",1,115.0,10.0,0,0.0,
2026-01-29 15:10:55,"Afternoon Workout",51m,"Romanian Deadlift (Barbell)",2,125.0,10.0,0,0.0,
2026-01-29 15:10:55,"Afternoon Workout",51m,"Romanian Deadlift (Barbell)",3,125.0,10.0,0,0.0,
2026-01-29 15:10:55,"Afternoon Workout",51m,"Seated Leg Curl (Machine)",1,80.0,10.0,0,0.0,
2026-01-29 15:10:55,"Afternoon Workout",51m,"Seated Leg Curl (Machine)",2,100.0,10.0,0,0.0,
2026-01-29 15:10:55,"Afternoon Workout",51m,"Seated Leg Curl (Machine)",3,115.0,10.0,0,0.0,
2026-01-29 15:10:55,"Afternoon Workout",51m,"Hack Squat",1,50.0,10.0,0,0.0,
2026-01-29 15:10:55,"Afternoon Workout",51m,"Hack Squat",2,50.0,10.0,0,0.0,
2026-01-29 15:10:55,"Afternoon Workout",51m,"Hack Squat",3,70.0,5.0,0,0.0,
2026-01-29 15:10:55,"Afternoon Workout",51m,"Hack Squat",4,70.0,5.0,0,0.0,
2026-01-31 08:15:15,"Morning Workout",59m,"Incline Bench Press (Barbell)",1,65.0,10.0,0,0.0,
2026-01-31 08:15:15,"Morning Workout",59m,"Incline Bench Press (Barbell)",2,65.0,10.0,0,0.0,
2026-01-31 08:15:15,"Morning Workout",59m,"Incline Bench Press (Barbell)",3,65.0,10.0,0,0.0,
2026-01-31 08:15:15,"Morning Workout",59m,"Incline Bench Press (Barbell)",4,75.0,6.0,0,0.0,
2026-01-31 08:15:15,"Morning Workout",59m,"Romanian Deadlift (Barbell)",1,135.0,5.0,0,0.0,
2026-01-31 08:15:15,"Morning Workout",59m,"Romanian Deadlift (Barbell)",2,135.0,5.0,0,0.0,
2026-01-31 08:15:15,"Morning Workout",59m,"Romanian Deadlift (Barbell)",3,135.0,5.0,0,0.0,
2026-01-31 08:15:15,"Morning Workout",59m,"Romanian Deadlift (Barbell)",4,135.0,5.0,0,0.0,
2026-01-31 08:15:15,"Morning Workout",59m,"Leg Press",1,180.0,10.0,0,0.0,
2026-01-31 08:15:15,"Morning Workout",59m,"Leg Press",2,180.0,10.0,0,0.0,
2026-01-31 08:15:15,"Morning Workout",59m,"Leg Press",3,230.0,7.0,0,0.0,
2026-01-31 08:15:15,"Morning Workout",59m,"Arnold Press (Dumbbell)",1,27.5,8.0,0,0.0,
2026-01-31 08:15:15,"Morning Workout",59m,"Arnold Press (Dumbbell)",2,27.5,8.0,0,0.0,
2026-01-31 08:15:15,"Morning Workout",59m,"Arnold Press (Dumbbell)",3,27.5,8.0,0,0.0,
2026-01-31 08:15:15,"Morning Workout",59m,"Lateral Raise (Dumbbell)",1,10.0,10.0,0,0.0,
2026-01-31 08:15:15,"Morning Workout",59m,"Lateral Raise (Dumbbell)",2,10.0,10.0,0,0.0,
2026-01-31 08:15:15,"Morning Workout",59m,"Lateral Raise (Dumbbell)",3,10.0,10.0,0,0.0,
2026-01-31 08:15:15,"Morning Workout",59m,"Bent Over One Arm Row (Dumbbell)",1,45.0,10.0,0,0.0,
2026-01-31 08:15:15,"Morning Workout",59m,"Bent Over One Arm Row (Dumbbell)",2,45.0,10.0,0,0.0,
2026-01-31 08:15:15,"Morning Workout",59m,"Bent Over One Arm Row (Dumbbell)",3,45.0,8.0,0,0.0,
2026-02-02 09:13:52,"Morning Workout",56m,"Incline Row (Dumbbell)",1,40.0,10.0,0,0.0,
2026-02-02 09:13:52,"Morning Workout",56m,"Incline Row (Dumbbell)",2,40.0,10.0,0,0.0,
2026-02-02 09:13:52,"Morning Workout",56m,"Incline Row (Dumbbell)",3,40.0,10.0,0,0.0,
2026-02-02 09:13:52,"Morning Workout",56m,"Incline Bench Press (Dumbbell)",1,30.0,10.0,0,0.0,
2026-02-02 09:13:52,"Morning Workout",56m,"Incline Bench Press (Dumbbell)",2,30.0,10.0,0,0.0,
2026-02-02 09:13:52,"Morning Workout",56m,"Incline Bench Press (Dumbbell)",3,30.0,10.0,0,0.0,
2026-02-02 09:13:52,"Morning Workout",56m,"Step-up",1,0,8.0,0,0.0,
2026-02-02 09:13:52,"Morning Workout",56m,"Step-up",2,0,8.0,0,0.0,
2026-02-02 09:13:52,"Morning Workout",56m,"Step-up",3,0,8.0,0,0.0,
2026-02-02 09:13:52,"Morning Workout",56m,"Side lunge",1,22.5,8.0,0,0.0,
2026-02-02 09:13:52,"Morning Workout",56m,"Side lunge",2,22.5,8.0,0,0.0,
2026-02-02 09:13:52,"Morning Workout",56m,"Side lunge",3,22.5,8.0,0,0.0,
2026-02-02 09:13:52,"Morning Workout",56m,"Bulgarian Split Squat",1,22.5,10.0,0,0.0,
2026-02-02 09:13:52,"Morning Workout",56m,"Bulgarian Split Squat",2,22.5,10.0,0,0.0,
2026-02-02 09:13:52,"Morning Workout",56m,"Bulgarian Split Squat",3,22.5,10.0,0,0.0,
2026-02-02 09:13:52,"Morning Workout",56m,"Goblet Squat (Kettlebell)",1,45.0,10.0,0,0.0,
2026-02-02 09:13:52,"Morning Workout",56m,"Goblet Squat (Kettlebell)",2,45.0,10.0,0,0.0,
2026-02-02 09:13:52,"Morning Workout",56m,"Goblet Squat (Kettlebell)",3,45.0,8.0,0,0.0,
2026-02-02 09:13:52,"Morning Workout",56m,"Lunge (Dumbbell)",1,22.0,8.0,0,0.0,
2026-02-02 09:13:52,"Morning Workout",56m,"Lunge (Dumbbell)",2,22.0,8.0,0,0.0,
2026-02-02 09:13:52,"Morning Workout",56m,"Lunge (Dumbbell)",3,22.0,8.0,0,0.0,
2026-02-06 13:00:48,"Midday Workout",33m,"Bench Press (Barbell)",1,55.0,10.0,0,0.0,
2026-02-06 13:00:48,"Midday Workout",33m,"Bench Press (Barbell)",2,95.0,12.0,0,0.0,
2026-02-06 13:00:48,"Midday Workout",33m,"Bench Press (Barbell)",3,105.0,8.0,0,0.0,
2026-02-06 13:00:48,"Midday Workout",33m,"Bench Press (Barbell)",4,115.0,4.0,0,0.0,
2026-02-06 13:00:48,"Midday Workout",33m,"Bench Press (Barbell)",5,105.0,5.0,0,0.0,
2026-02-06 13:00:48,"Midday Workout",33m,"Bench Press (Barbell)",6,105.0,4.0,0,0.0,
2026-02-06 13:00:48,"Midday Workout",33m,"Romanian Deadlift (Barbell)",1,110.0,10.0,0,0.0,
2026-02-06 13:00:48,"Midday Workout",33m,"Romanian Deadlift (Barbell)",2,110.0,8.0,0,0.0,
2026-02-06 13:00:48,"Midday Workout",33m,"Romanian Deadlift (Barbell)",3,110.0,6.0,0,0.0,
2026-02-06 13:00:48,"Midday Workout",33m,"Goblet Squat (Kettlebell)",1,45.0,10.0,0,0.0,
2026-02-06 13:00:48,"Midday Workout",33m,"Goblet Squat (Kettlebell)",2,45.0,8.0,0,0.0,
2026-02-06 13:00:48,"Midday Workout",33m,"Goblet Squat (Kettlebell)",3,45.0,10.0,0,0.0,
2026-02-06 13:00:48,"Midday Workout",33m,"Glute Kickback (Machine)",1,85.0,10.0,0,0.0,
2026-02-06 13:00:48,"Midday Workout",33m,"Glute Kickback (Machine)",2,85.0,10.0,0,0.0,
2026-02-06 13:00:48,"Midday Workout",33m,"Glute Kickback (Machine)",3,100.0,10.0,0,0.0,
2026-02-09 09:12:14,"Morning Workout",59m,"Goblet Squat (Kettlebell)",1,50.0,10.0,0,0.0,
2026-02-09 09:12:14,"Morning Workout",59m,"Goblet Squat (Kettlebell)",2,50.0,8.0,0,0.0,
2026-02-09 09:12:14,"Morning Workout",59m,"Goblet Squat (Kettlebell)",3,50.0,6.0,0,0.0,
2026-02-09 09:12:14,"Morning Workout",59m,"Lunge (Dumbbell)",1,50.0,8.0,0,0.0,
2026-02-09 09:12:14,"Morning Workout",59m,"Lunge (Dumbbell)",2,50.0,6.0,0,0.0,
2026-02-09 09:12:14,"Morning Workout",59m,"Lunge (Dumbbell)",3,50.0,4.0,0,0.0,
2026-02-09 09:12:14,"Morning Workout",59m,"High Knee Skips",1,0,10.0,0,0.0,
2026-02-09 09:12:14,"Morning Workout",59m,"High Knee Skips",2,0,10.0,0,0.0,
2026-02-09 09:12:14,"Morning Workout",59m,"High Knee Skips",3,0,10.0,0,0.0,
2026-02-09 09:12:14,"Morning Workout",59m,"Bench Press (Dumbbell)",1,35.0,10.0,0,0.0,
2026-02-09 09:12:14,"Morning Workout",59m,"Bench Press (Dumbbell)",2,35.0,10.0,0,0.0,
2026-02-09 09:12:14,"Morning Workout",59m,"Bench Press (Dumbbell)",3,35.0,10.0,0,0.0,
2026-02-09 09:12:14,"Morning Workout",59m,"Bent Over One Arm Row (Dumbbell)",1,40.0,10.0,0,0.0,
2026-02-09 09:12:14,"Morning Workout",59m,"Bent Over One Arm Row (Dumbbell)",2,40.0,10.0,0,0.0,
2026-02-09 09:12:14,"Morning Workout",59m,"Bent Over One Arm Row (Dumbbell)",3,40.0,10.0,0,0.0,
2026-02-09 09:12:14,"Morning Workout",59m,"Romanian Deadlift (Dumbbell)",1,45.0,10.0,0,0.0,
2026-02-09 09:12:14,"Morning Workout",59m,"Romanian Deadlift (Dumbbell)",2,45.0,10.0,0,0.0,
2026-02-09 09:12:14,"Morning Workout",59m,"Romanian Deadlift (Dumbbell)",3,45.0,10.0,0,0.0,
2026-02-09 09:12:14,"Morning Workout",59m,"Seated Leg Curl (Machine)",1,80.0,10.0,0,0.0,
2026-02-09 09:12:14,"Morning Workout",59m,"Seated Leg Curl (Machine)",2,100.0,10.0,0,0.0,
2026-02-09 09:12:14,"Morning Workout",59m,"Seated Leg Curl (Machine)",3,115.0,10.0,0,0.0,
2026-02-11 09:27:35,"Morning Workout",47m,"Bench Press (Barbell)",1,55.0,10.0,0,0.0,
2026-02-11 09:27:35,"Morning Workout",47m,"Bench Press (Barbell)",2,100.0,10.0,0,0.0,
2026-02-11 09:27:35,"Morning Workout",47m,"Bench Press (Barbell)",3,105.0,9.0,0,0.0,
2026-02-11 09:27:35,"Morning Workout",47m,"Bench Press (Barbell)",4,115.0,4.0,0,0.0,
2026-02-11 09:27:35,"Morning Workout",47m,"Bench Press (Barbell)",5,105.0,7.0,0,0.0,
2026-02-11 09:27:35,"Morning Workout",47m,"Bench Press (Barbell)",6,105.0,5.0,0,0.0,
2026-02-11 09:27:35,"Morning Workout",47m,"Romanian Deadlift (Barbell)",1,135.0,5.0,0,0.0,
2026-02-11 09:27:35,"Morning Workout",47m,"Romanian Deadlift (Barbell)",2,135.0,6.0,0,0.0,
2026-02-11 09:27:35,"Morning Workout",47m,"Romanian Deadlift (Barbell)",3,135.0,6.0,0,0.0,
2026-02-11 09:27:35,"Morning Workout",47m,"Romanian Deadlift (Barbell)",4,135.0,8.0,0,0.0,
2026-02-11 09:27:35,"Morning Workout",47m,"Leg Press",1,180.0,10.0,0,0.0,
2026-02-11 09:27:35,"Morning Workout",47m,"Leg Press",2,230.0,7.0,0,0.0,
2026-02-11 09:27:35,"Morning Workout",47m,"Leg Press",3,230.0,8.0,0,0.0,
2026-02-11 09:27:35,"Morning Workout",47m,"Arnold Press (Dumbbell)",1,27.5,9.0,0,0.0,
2026-02-11 09:27:35,"Morning Workout",47m,"Arnold Press (Dumbbell)",2,27.5,10.0,0,0.0,
2026-02-11 09:27:35,"Morning Workout",47m,"Arnold Press (Dumbbell)",3,27.5,6.0,0,0.0,
2026-02-11 09:27:35,"Morning Workout",47m,"Lateral Raise (Dumbbell)",1,10.0,10.0,0,0.0,
2026-02-11 09:27:35,"Morning Workout",47m,"Lateral Raise (Dumbbell)",2,10.0,12.0,0,0.0,
2026-02-11 09:27:35,"Morning Workout",47m,"Lateral Raise (Dumbbell)",3,10.0,10.0,0,0.0,
2026-02-13 09:33:12,"Morning Workout",1h 1m,"Hack Squat",1,50.0,8.0,0,0.0,
2026-02-13 09:33:12,"Morning Workout",1h 1m,"Hack Squat",2,70.0,8.0,0,0.0,
2026-02-13 09:33:12,"Morning Workout",1h 1m,"Hack Squat",3,70.0,8.0,0,0.0,
2026-02-13 09:33:12,"Morning Workout",1h 1m,"Hack Squat",4,80.0,5.0,0,0.0,
2026-02-13 09:33:12,"Morning Workout",1h 1m,"Incline Bench Press (Barbell)",1,65.0,10.0,0,0.0,
2026-02-13 09:33:12,"Morning Workout",1h 1m,"Incline Bench Press (Barbell)",2,75.0,10.0,0,0.0,
2026-02-13 09:33:12,"Morning Workout",1h 1m,"Incline Bench Press (Barbell)",3,75.0,8.0,0,0.0,
2026-02-13 09:33:12,"Morning Workout",1h 1m,"Incline Bench Press (Barbell)",4,85.0,6.0,0,0.0,
2026-02-13 09:33:12,"Morning Workout",1h 1m,"T Bar Row",1,45.0,10.0,0,0.0,
2026-02-13 09:33:12,"Morning Workout",1h 1m,"T Bar Row",2,55.0,9.0,0,0.0,
2026-02-13 09:33:12,"Morning Workout",1h 1m,"T Bar Row",3,60.0,5.0,0,0.0,
2026-02-13 09:33:12,"Morning Workout",1h 1m,"Leg Extension (Machine)",1,70.0,10.0,0,0.0,
2026-02-13 09:33:12,"Morning Workout",1h 1m,"Leg Extension (Machine)",2,85.0,10.0,0,0.0,
2026-02-13 09:33:12,"Morning Workout",1h 1m,"Leg Extension (Machine)",3,85.0,12.0,0,0.0,
2026-02-15 11:08:38,"Morning Workout",53m,"Bench Press (Barbell)",1,55.0,10.0,0,0.0,
2026-02-15 11:08:38,"Morning Workout",53m,"Bench Press (Barbell)",2,100.0,10.0,0,0.0,
2026-02-15 11:08:38,"Morning Workout",53m,"Bench Press (Barbell)",3,105.0,10.0,0,0.0,
2026-02-15 11:08:38,"Morning Workout",53m,"Bench Press (Barbell)",4,115.0,3.0,0,0.0,
2026-02-15 11:08:38,"Morning Workout",53m,"Bench Press (Barbell)",5,105.0,5.0,0,0.0,
2026-02-15 11:08:38,"Morning Workout",53m,"Bench Press (Barbell)",6,105.0,5.0,0,0.0,
2026-02-15 11:08:38,"Morning Workout",53m,"Seated Row (Cable)",1,85.0,10.0,0,0.0,
2026-02-15 11:08:38,"Morning Workout",53m,"Seated Row (Cable)",2,85.0,12.0,0,0.0,
2026-02-15 11:08:38,"Morning Workout",53m,"Seated Row (Cable)",3,100.0,8.0,0,0.0,
2026-02-15 11:08:38,"Morning Workout",53m,"Leg Press",1,180.0,12.0,0,0.0,
2026-02-15 11:08:38,"Morning Workout",53m,"Leg Press",2,230.0,10.0,0,0.0,
2026-02-15 11:08:38,"Morning Workout",53m,"Leg Press",3,230.0,9.0,0,0.0,
2026-02-15 11:08:38,"Morning Workout",53m,"Romanian Deadlift (Barbell)",1,135.0,9.0,0,0.0,
2026-02-15 11:08:38,"Morning Workout",53m,"Romanian Deadlift (Barbell)",2,165.0,4.0,0,0.0,
2026-02-15 11:08:38,"Morning Workout",53m,"Romanian Deadlift (Barbell)",3,135.0,4.0,0,0.0,
2026-02-15 11:08:38,"Morning Workout",53m,"Romanian Deadlift (Barbell)",4,135.0,6.0,0,0.0,
2026-02-19 11:35:33,"Morning Workout",16m,"Bench Press (Dumbbell)",1,40.0,10.0,0,0.0,
2026-02-19 11:35:33,"Morning Workout",16m,"Bench Press (Dumbbell)",2,40.0,10.0,0,0.0,
2026-02-19 11:35:33,"Morning Workout",16m,"Bench Press (Dumbbell)",3,40.0,10.0,0,0.0,
2026-02-19 11:35:33,"Morning Workout",16m,"Bulgarian Split Squat",1,25.0,10.0,0,0.0,
2026-02-19 11:35:33,"Morning Workout",16m,"Bulgarian Split Squat",2,25.0,10.0,0,0.0,
2026-02-19 11:35:33,"Morning Workout",16m,"Incline Row (Dumbbell)",1,40.0,10.0,0,0.0,
2026-02-19 11:35:33,"Morning Workout",16m,"Incline Row (Dumbbell)",2,35.0,10.0,0,0.0,
2026-02-24 11:54:44,"Morning Workout",30m,"Bench Press (Barbell)",1,55.0,10.0,0,0.0,
2026-02-24 11:54:44,"Morning Workout",30m,"Bench Press (Barbell)",2,100.0,12.0,0,0.0,
2026-02-24 11:54:44,"Morning Workout",30m,"Bench Press (Barbell)",3,105.0,9.0,0,0.0,
2026-02-24 11:54:44,"Morning Workout",30m,"Bench Press (Barbell)",4,115.0,4.0,0,0.0,
2026-02-24 11:54:44,"Morning Workout",30m,"Bench Press (Barbell)",5,105.0,7.0,0,0.0,
2026-02-24 11:54:44,"Morning Workout",30m,"Bench Press (Barbell)",6,105.0,4.0,0,0.0,
2026-02-24 11:54:44,"Morning Workout",30m,"Romanian Deadlift (Barbell)",1,125.0,6.0,0,0.0,
2026-02-24 11:54:44,"Morning Workout",30m,"Romanian Deadlift (Barbell)",2,125.0,8.0,0,0.0,
2026-02-24 11:54:44,"Morning Workout",30m,"Romanian Deadlift (Barbell)",3,125.0,7.0,0,0.0,
2026-02-24 11:54:44,"Morning Workout",30m,"Romanian Deadlift (Barbell)",4,125.0,6.0,0,0.0,
2026-03-01 10:58:36,"Morning Workout",50m,"Bench Press (Barbell)",1,55.0,10.0,0,0.0,
2026-03-01 10:58:36,"Morning Workout",50m,"Bench Press (Barbell)",2,95.0,12.0,0,0.0,
2026-03-01 10:58:36,"Morning Workout",50m,"Bench Press (Barbell)",3,105.0,10.0,0,0.0,
2026-03-01 10:58:36,"Morning Workout",50m,"Bench Press (Barbell)",4,115.0,6.0,0,0.0,
2026-03-01 10:58:36,"Morning Workout",50m,"Bench Press (Barbell)",5,110.0,6.0,0,0.0,
2026-03-01 10:58:36,"Morning Workout",50m,"Bench Press (Barbell)",6,105.0,6.0,0,0.0,
2026-03-01 10:58:36,"Morning Workout",50m,"Leg Press",1,180.0,12.0,0,0.0,
2026-03-01 10:58:36,"Morning Workout",50m,"Leg Press",2,270.0,5.0,0,0.0,
2026-03-01 10:58:36,"Morning Workout",50m,"Leg Press",3,270.0,6.0,0,0.0,
2026-03-01 10:58:36,"Morning Workout",50m,"Leg Press",4,270.0,5.0,0,0.0,
2026-03-01 10:58:36,"Morning Workout",50m,"Shoulder Press (Plate Loaded)",1,60.0,10.0,0,0.0,
2026-03-01 10:58:36,"Morning Workout",50m,"Shoulder Press (Plate Loaded)",2,60.0,8.0,0,0.0,
2026-03-01 10:58:36,"Morning Workout",50m,"Shoulder Press (Plate Loaded)",3,60.0,8.0,0,0.0,
2026-03-01 10:58:36,"Morning Workout",50m,"Seated Row (Cable)",1,100.0,10.0,0,0.0,
2026-03-01 10:58:36,"Morning Workout",50m,"Seated Row (Cable)",2,100.0,10.0,0,0.0,
2026-03-01 10:58:36,"Morning Workout",50m,"Seated Row (Cable)",3,100.0,8.0,0,0.0,
2026-03-01 10:58:36,"Morning Workout",50m,"Seated Leg Curl (Machine)",1,100.0,10.0,0,0.0,
2026-03-01 10:58:36,"Morning Workout",50m,"Seated Leg Curl (Machine)",2,115.0,10.0,0,0.0,
2026-03-01 10:58:36,"Morning Workout",50m,"Seated Leg Curl (Machine)",3,130.0,8.0,0,0.0,
2026-03-04 09:24:06,"Morning Workout",47m,"Incline Bench Press (Barbell)",1,65.0,10.0,0,0.0,
2026-03-04 09:24:06,"Morning Workout",47m,"Incline Bench Press (Barbell)",2,80.0,10.0,0,0.0,
2026-03-04 09:24:06,"Morning Workout",47m,"Incline Bench Press (Barbell)",3,85.0,9.0,0,0.0,
2026-03-04 09:24:06,"Morning Workout",47m,"Incline Bench Press (Barbell)",4,95.0,6.0,0,0.0,
2026-03-04 09:24:06,"Morning Workout",47m,"Romanian Deadlift (Barbell)",1,135.0,7.0,0,0.0,
2026-03-04 09:24:06,"Morning Workout",47m,"Romanian Deadlift (Barbell)",2,135.0,7.0,0,0.0,
2026-03-04 09:24:06,"Morning Workout",47m,"Romanian Deadlift (Barbell)",3,155.0,5.0,0,0.0,
2026-03-04 09:24:06,"Morning Workout",47m,"Romanian Deadlift (Barbell)",4,155.0,6.0,0,0.0,
2026-03-04 09:24:06,"Morning Workout",47m,"Hack Squat",1,70.0,7.0,0,0.0,
2026-03-04 09:24:06,"Morning Workout",47m,"Hack Squat",2,70.0,7.0,0,0.0,
2026-03-04 09:24:06,"Morning Workout",47m,"Hack Squat",3,70.0,5.0,0,0.0,
2026-03-04 09:24:06,"Morning Workout",47m,"Hack Squat",4,70.0,5.0,0,0.0,
2026-03-04 09:24:06,"Morning Workout",47m,"Pull Up (Assisted)",1,7.0,5.0,0,0.0,
2026-03-04 09:24:06,"Morning Workout",47m,"Pull Up (Assisted)",2,10.0,10.0,0,0.0,
2026-03-04 09:24:06,"Morning Workout",47m,"Pull Up (Assisted)",3,9.0,6.0,0,0.0,